{
  "etfs": {
    "0050.TW": "green",
    "VOO": "green",
    "SMH": "green",
    "SOXQ": "green",
    "2330.TW": "green",
    "00981A.TW": "green"
  },
  "exposure": {
    "TW": 0.6000000000000001,
    "US": 0.8500000000000001
  },
  "kd_0050.TW": {
    "k": 64.3,
    "d": 58.0
  },
  "kd_VOO": {
    "k": 66.5,
    "d": 55.7
  },
  "kd_SMH": {
    "k": 35.4,
    "d": 46.4
  },
  "kd_SOXQ": {
    "k": 35.3,
    "d": 46.8
  },
  "kd_2330.TW": {
    "k": 63.6,
    "d": 57.9
  },
  "kd_00981A.TW": {
    "k": 69.0,
    "d": 66.3
  }
}