{
  "etfs": {
    "0050.TW": "green",
    "VOO": "green",
    "SMH": "yellow",
    "SOXQ": "yellow",
    "2330.TW": "green",
    "00981A.TW": "yellow"
  },
  "exposure": {
    "TW": 0.6000000000000001,
    "US": 0.9500000000000001
  },
  "kd_0050.TW": {
    "k": 30.7,
    "d": 38.6
  },
  "kd_VOO": {
    "k": 78.6,
    "d": 78.9
  },
  "kd_SMH": {
    "k": 32.0,
    "d": 34.0
  },
  "kd_SOXQ": {
    "k": 28.8,
    "d": 32.0
  },
  "kd_2330.TW": {
    "k": 34.4,
    "d": 44.7
  },
  "kd_00981A.TW": {
    "k": 20.7,
    "d": 29.3
  }
}