{
  "etfs": {
    "0050.TW": "green",
    "VOO": "green",
    "SMH": "green",
    "SOXQ": "green",
    "2330.TW": "green",
    "00981A.TW": "green"
  },
  "exposure": {
    "TW": 0.7000000000000001,
    "US": 0.9500000000000001
  },
  "kd_0050.TW": {
    "k": 48.4,
    "d": 53.6
  },
  "kd_VOO": {
    "k": 82.9,
    "d": 74.6
  },
  "kd_SMH": {
    "k": 33.0,
    "d": 33.6
  },
  "kd_SOXQ": {
    "k": 31.5,
    "d": 32.7
  },
  "kd_2330.TW": {
    "k": 61.8,
    "d": 62.4
  },
  "kd_00981A.TW": {
    "k": 32.3,
    "d": 45.7
  }
}